{
  "Assiniboine and Sioux Tribes of the Fort Peck Indian Reservation, Montana": [
    -114.56160494561561,
    42.08018500258349,
    -91.57129958232352,
    48.92499412719846
  ],
  "Cheyenne River Sioux Tribe of the Cheyenne River Reservation, South Dakota": [
    -113.43091415559367,
    42.08018500258349,
    -91.57129958232352,
    46.81801934899673
  ],
  "Crow Creek Sioux Tribe of the Crow Creek Reservation, South Dakota": [
    -113.43091415559367,
    42.08018500258349,
    -91.57129958232352,
    46.81801934899673
  ],
  "Flandreau Santee Sioux Tribe of South Dakota": [
    -113.43091415559367,
    42.08018500258349,
    -91.57129958232352,
    46.81801934899673
  ],
  "Lower Brule Sioux Tribe of the Lower Brule Reservation, South Dakota": [
    -113.43091415559367,
    42.08018500258349,
    -91.57129958232352,
    46.81801934899673
  ],
  "Lower Sioux Indian Community in the State of Minnesota": [
    -113.43091415559367,
    42.08018500258349,
    -91.57129958232352,
    46.81801934899673
  ],
  "Oglala Sioux Tribe of the Pine Ridge Reservation, South Dakota": [
    -113.43091415559367,
    42.08018500258349,
    -91.57129958232352,
    46.81801934899673
  ],
  "Prairie Island Indian Community in the State of Minnesota": [
    -113.43091415559367,
    42.08018500258349,
    -91.57129958232352,
    46.81801934899673
  ],
  "Rosebud Sioux Tribe of the Rosebud Indian Reservation, South Dakota": [
    -113.43091415559367,
    42.08018500258349,
    -91.57129958232352,
    46.81801934899673
  ],
  "Santee Sioux Nation, Nebraska": [
    -113.43091415559367,
    35.66200202730989,
    -91.57129958232352,
    46.81801934899673
  ],
  "Shakopee Mdewakanton Sioux Community of Minnesota": [
    -113.43091415559367,
    42.08018500258349,
    -91.57129958232352,
    46.81801934899673
  ],
  "Sisseton-Wahpeton Oyate of the Lake Traverse Reservation, South Dakota": [
    -113.43091415559367,
    42.08018500258349,
    -91.57129958232352,
    48.07530167342553
  ],
  "Spirit Lake Tribe, North Dakota": [
    -113.43091415559367,
    42.08018500258349,
    -91.57129958232352,
    47.9781379
  ],
  "Standing Rock Sioux Tribe of North & South Dakota": [
    -113.43091415559367,
    42.08018500258349,
    -91.57129958232352,
    46.81801934899673
  ],
  "Upper Sioux Community, Minnesota": [
    -113.43091415559367,
    42.08018500258349,
    -91.57129958232352,
    46.81801934899673
  ],
  "Yankton Sioux Tribe of South Dakota": [
    -113.43091415559367,
    42.08018500258349,
    -91.57129958232352,
    46.81801934899673
  ],
  "Arapaho Tribe of the Wind River Reservation, Wyoming": [
    -113.43091415559367,
    35.23870006012077,
    -98.51021395650156,
    46.18888429722637
  ],
  "Northern Cheyenne Tribe of the Northern Cheyenne Indian Reservation, Montana": [
    -113.43091415559367,
    37.262781458084056,
    -102.08491539897588,
    46.18888429722637
  ],
  "Ho-Chunk Nation of Wisconsin": [
    -99.39904691181536,
    43.459847043320075,
    -88.87132045031042,
    45.916617668271556
  ],
  "Winnebago Tribe of Nebraska": [
    -99.39904691181536,
    42.2376482,
    -88.87132045031042,
    45.916617668271556
  ],
  "Big Pine Band of Owens Valley Paiute Shoshone Indians of the Big Pine Reservation, California": [
    -118.289546,
    37.006387513504244,
    -112.50910117860317,
    38.39781581273269
  ],
  "Bishop Paiute Tribe, California": [
    -118.4183193,
    37.006387513504244,
    -112.50910117860317,
    38.39781581273269
  ],
  "Bridgeport Paiute Indian Colony of California": [
    -119.2313932,
    37.006387513504244,
    -112.50910117860317,
    38.39781581273269
  ],
  "Burns Paiute Tribe of the Burns Paiute Indian Colony of Oregon": [
    -119.0541032,
    37.006387513504244,
    -112.50910117860317,
    43.5862606
  ],
  "Fort Independence Indian Community of Paiute Indians of the Fort Independence Reservation, California": [
    -118.2000951,
    36.8027102,
    -112.50910117860317,
    38.39781581273269
  ],
  "Fort McDermitt Paiute and Shoshone Tribes of the Fort McDermitt Indian Reservation, Nevada and Oregon": [
    -117.7189974,
    37.006387513504244,
    -112.50910117860317,
    41.9972968
  ],
  "Kaibab Band of Paiute Indians of the Kaibab Indian Reservation, Arizona": [
    -113.93055327083769,
    36.945542,
    -112.50910117860317,
    38.39781581273269
  ],
  "Las Vegas Tribe of Paiute Indians of the Las Vegas Indian Colony, Nevada": [
    -115.1378112,
    36.184775,
    -112.50910117860317,
    38.39781581273269
  ],
  "Lovelock Paiute Tribe of the Lovelock Indian Colony, Nevada": [
    -118.1590786,
    37.006387513504244,
    -112.50910117860317,
    40.2420059
  ],
  "Moapa Band of Paiute Indians of the Moapa River Indian Reservation, Nevada": [
    -114.594155,
    36.682194,
    -112.50910117860317,
    38.39781581273269
  ],
  "Paiute Indian Tribe of Utah": [
    -113.93055327083769,
    37.006387513504244,
    -112.50910117860317,
    38.39781581273269
  ],
  "Paiute-Shoshone Indians of the Lone Pine Community of the Lone Pine Reservation, California": [
    -118.0628654,
    36.6060444,
    -112.50910117860317,
    38.39781581273269
  ],
  "Paiute-Shoshone Tribe of the Fallon Reservation and Colony, Nevada": [
    -118.7569624,
    37.006387513504244,
    -112.50910117860317,
    39.4820325
  ],
  "Pyramid Lake Paiute Tribe of the Pyramid Lake Reservation, Nevada": [
    -119.3579527,
    37.006387513504244,
    -112.50910117860317,
    39.8318537
  ],
  "San Juan Southern Paiute Tribe of Arizona": [
    -113.93055327083769,
    36.1349928,
    -111.2398625,
    38.39781581273269
  ],
  "Shoshone-Paiute Tribes of the Duck Valley Reservation, Nevada": [
    -116.1565875,
    37.006387513504244,
    -112.50910117860317,
    41.9665836
  ],
  "Summit Lake Paiute Tribe of Nevada": [
    -119.7658025,
    37.006387513504244,
    -112.50910117860317,
    39.5408871
  ],
  "Utu Utu Gwaitu Paiute Tribe of the Benton Paiute Reservation, California": [
    -118.5564526,
    37.006387513504244,
    -112.50910117860317,
    38.39781581273269
  ],
  "Walker River Paiute Tribe of the Walker River Reservation, Nevada": [
    -118.7198004,
    37.006387513504244,
    -112.50910117860317,
    38.9507415
  ],
  "Yerington Paiute Tribe of the Yerington Colony & Campbell Ranch, Nevada": [
    -119.1860677,
    37.006387513504244,
    -112.50910117860317,
    39.0703055
  ],
  "Ute Indian Tribe of the Uintah & Ouray Reservation, Utah": [
    -112.89196651473439,
    37.26470169671874,
    -107.76011758621385,
    40.38823530304001
  ],
  "Southern Ute Indian Tribe of the Southern Ute Reservation, Colorado": [
    -112.50726028390143,
    37.132099,
    -107.634604,
    40.359441063825805
  ],
  "Ute Mountain Ute Tribe, Colorado, New Mexico, & Utah": [
    -112.50726028390143,
    37.201973,
    -107.76011758621385,
    40.36542956069379
  ],
  "Confederated Tribes of the Goshute Reservation": [
    -113.9852805,
    40.0366039,
    -106.96415727332567,
    44.64528896990576
  ],
  "Shoshone-Bannock Tribes of the Fort Hall Reservation of Idaho": [
    -113.6553270749134,
    40.475899805156715,
    -106.96415727332567,
    44.64528896990576
  ],
  "Northwestern Band of Shoshoni Nation of Utah (Washakie)": [
    -117.03869465810727,
    41.525162,
    -112.015839,
    45.107437813746756
  ],
  "Te-Moak Tribe of Western Shoshone Indians of Nevada": [
    -117.03869465810727,
    40.8407567,
    -113.48078166687414,
    45.107437813746756
  ],
  "Bad River Band of the Lake Superior Tribe of Chippewa Indians of the Bad River Reservation, Wisconsin": [
    -94.9143665442904,
    45.19125911593448,
    -88.19398226547543,
    48.09477966272998
  ],
  "Bay Mills Indian Community, Michigan": [
    -93.76491356382877,
    45.19125911593448,
    -84.6032488,
    46.4524756
  ],